{"cameraMode":{"drawMode":0,"name":"Shaded","section":"Shading Mode"},"sceneLighting":false,"audioPlay":false,"sceneViewState":{"showFog":true,"showMaterialUpdate":false,"showSkybox":true,"showFlares":true,"showImageEffects":true,"showParticleSystems":true},"in2DMode":false,"pivot":{"x":2.0325803756713869,"y":1.284000039100647,"z":2.799999952316284},"rotation":{"x":0.3013012707233429,"y":0.359456330537796,"z":-0.12385989725589752,"w":0.8744969964027405},"size":0.4286828637123108,"orthographic":false}