{"cameraMode":{"drawMode":0,"name":"Shaded","section":"Shading Mode"},"sceneLighting":false,"audioPlay":false,"sceneViewState":{"showFog":true,"showMaterialUpdate":false,"showSkybox":true,"showFlares":true,"showImageEffects":true,"showParticleSystems":true},"in2DMode":false,"pivot":{"x":3.7720000743865969,"y":0.3999999761581421,"z":0.2997344136238098},"rotation":{"x":0.11766749620437622,"y":-0.8078362941741943,"z":0.17244689166545869,"w":0.5512368083000183},"size":7.733711242675781,"orthographic":false}